{
    "hbar": 1.0545718176461565e-34,
    "c": 299792458,
    "alpha": 10.543663,
    "g_internal": 0.00312353,
    "g1": 10.0,
    "g2": 14.0,
    "lambda_so": 0.5,
    "V0": 1.0,
    "V1": 0.0
}
