{
    "hbar": 1.0545718176461565e-34,
    "c": 299792458,
    "alpha": 10.565625,
    "g_internal": 0.00310312,
    "g1": 5000.0
}
