{
    "hbar": 1.0545718176461565e-34,
    "c": 299792458,
    "alpha": 8.642000,
    "g_internal": 0.00350200,
    "g1": 44.70,
    "g2": 1.0,
    "lambda_so": 0.01,
    "V0": 1.0,
    "V1": 0.0
}
