{
    "hbar": 1.0545718176461565e-34,
    "c": 299792458,
    "beta": 100,
    "alpha": 10.5,
    "kappa": 0.00003,
    "g1": 5000.0
}

