{
    "hbar": 1.0545718176461565e-34,
    "c": 299792458,
    "alpha": 10.543663,
    "g_internal": 0.00312353,
    "g1": 5000.0
}
